Tipo di attività,Data,Preferita,Titolo,Distanza,Calorie,Tempo,FC Media,FC max,TE attività aerobica,Cadenza di corsa media,Cadenza di corsa max,Passo medio,Passo migliore,G. quota,Perdita quota,Lunghezza media passo,Media rapporto verticale,Media oscillazione verticale,Tempo medio di contatto con il suolo,Media bilanciamento TCS,Cadenza di corsa media,Cadenza di corsa max,Normalized Power® (NP®),Training Stress Score®,Potenza media massima (20 min),Potenza media,Potenza max,Grit,Flow,Totale bracciate,Swolf medio,Frequenza media vogate,Tempo sul fondale,Temperatura min,Intervallo di superficie,Decompressione,Tempo Lap migliore,Numero di Lap,Temperatura max
Corsa,2020-07-07 18:20:53,false,"Bergamo Corsa","12.01","802","00:52:13","169","190","4.0","157","168","4:21","3:44","115","65","1.46","0.0","0.0","--","--","--","--","--","0.0","--","--","--","0.0","0.0","--","--","--","0:00","28.0","0:00","No","02:25.28","13","0.0"
Ciclismo,2020-07-05 15:00:25,false,"Gazzaniga Ciclismo","60.10","1,791","02:26:17","153","181","4.3","--","--","24.7","60.4","1,357","1,318","0.00","0.0","0.0","--","--","--","--","--","0.0","--","--","--","0.0","0.0","--","--","--","0:00","25.0","0:00","No","00:17.99","13","0.0"
Corsa,2020-07-05 08:05:22,false,"Oneta Corsa","8.53","1,052","02:55:13","108","164","2.1","69","245","20:32","4:22","832","820","0.75","0.0","0.0","--","--","--","--","--","0.0","--","--","--","0.0","0.0","--","--","--","0:00","23.0","0:00","No","12:00.71","9","0.0"
Ciclismo,2020-07-04 08:20:16,false,"Gazzaniga Ciclismo","32.25","887","01:34:08","127","170","2.6","--","--","20.6","60.3","833","678","0.00","0.0","0.0","--","--","--","--","--","0.0","--","--","--","0.0","0.0","--","--","--","0:00","24.0","0:00","No","03:04.95","7","0.0"
Corsa,2020-07-02 18:26:53,false,"Gazzaniga Corsa","12.87","978","01:06:35","159","176","4.3","157","172","5:11","3:20","302","329","1.23","0.0","0.0","--","--","--","--","--","0.0","--","--","--","0.0","0.0","--","--","--","0:00","29.0","0:00","No","04:04.12","13","0.0"
Nuoto in piscina,2020-07-01 17:56:35,false,"Nuoto in piscina","2,050","422","00:47:57","--","--","--","--","--","2:20","0:54","--","--","0.00","0.0","0.0","--","--","--","--","--","0.0","--","--","--","0.0","0.0","1341","51","28","0:00","28.0","0:00","No","00:32.42","3","0.0"
Escursionismo,2020-06-28 07:40:35,false,"Valgoglio Escursionismo","14.21","1,879","04:28:54","118","168","2.3","76","230","18:55","4:04","1,520","857","0.69","0.0","0.0","--","--","--","--","--","0.0","--","--","--","0.0","0.0","--","--","--","0:00","23.0","0:00","No","04:28:53.53","1","0.0"
Corsa,2020-06-27 14:55:25,false,"Gazzaniga Corsa","19.35","1,397","01:44:57","158","176","3.9","158","177","5:25","3:41","726","674","1.16","8.0","9.4","283","50.8% S / 49.2% D","--","--","--","0.0","--","--","--","0.0","0.0","--","--","--","0:00","28.0","0:00","No","01:38.72","20","0.0"
Ciclismo,2020-06-26 23:55:45,false,"Gazzaniga Ciclismo","5.04","351","00:26:50","140","174","2.7","--","--","11.3","22.6","384","13","0.00","0.0","0.0","--","--","--","--","--","0.0","--","--","--","0.0","0.0","--","--","--","0:00","25.0","0:00","No","00:21.93","2","0.0"
Ciclismo,2020-06-26 17:46:15,false,"Gazzaniga Ciclismo","47.77","1,234","02:04:48","132","182","3.8","--","--","23.0","52.5","1,028","896","0.00","0.0","0.0","--","--","--","--","--","0.0","--","--","--","0.0","0.0","--","--","--","0:00","25.0","0:00","No","08:37.08","10","0.0"
Nuoto in piscina,2020-06-25 18:11:44,false,"Nuoto in piscina","1,975","427","00:43:28","--","--","--","--","--","2:12","1:07","--","--","0.00","0.0","0.0","--","--","--","--","--","0.0","--","--","--","0.0","0.0","1230","49","28","0:00","27.0","0:00","No","43:28.43","1","0.0"
Corsa,2020-06-24 17:53:58,false,"Bergamo Corsa","13.04","981","01:07:12","167","183","4.0","159","241","5:09","3:43","349","182","1.22","0.0","0.0","--","--","--","--","--","0.0","--","--","--","0.0","0.0","--","--","--","0:00","31.0","0:00","No","00:12.43","14","0.0"
Ciclismo,2020-06-22 12:03:21,false,"Gazzaniga Ciclismo","19.61","658","01:08:20","127","157","2.4","--","--","17.2","53.5","734","667","0.00","0.0","0.0","--","--","--","--","--","0.0","--","--","--","0.0","0.0","--","--","--","0:00","29.0","0:00","No","08:54.87","4","0.0"
Ciclismo,2020-06-21 09:08:26,false,"Gazzaniga Ciclismo","98.51","2,715","03:57:21","147","176","4.3","--","--","24.9","56.6","1,813","1,739","0.00","0.0","0.0","--","--","--","--","--","0.0","--","--","--","0.0","0.0","--","--","--","0:00","25.0","0:00","No","07:25.38","20","0.0"
Escursionismo,2020-06-20 08:15:03,false,"Valbondione Escursionismo","14.96","2,104","03:36:49","133","187","4.6","82","248","14:30","3:24","1,653","1,588","0.84","0.0","0.0","--","--","--","--","--","0.0","--","--","--","0.0","0.0","--","--","--","0:00","17.0","0:00","No","03:36:49.12","1","0.0"
Nuoto in piscina,2020-06-19 17:12:45,false,"Nuoto in piscina","1,750","387","00:36:42","--","--","--","--","--","2:06","0:52","--","--","0.00","0.0","0.0","--","--","--","--","--","0.0","--","--","--","0.0","0.0","1042","46","28","0:00","29.0","0:00","No","05:25.14","3","0.0"
Ciclismo,2020-06-17 17:46:53,false,"Bergamo Ciclismo","44.97","1,058","01:53:33","133","164","2.4","--","--","23.8","50.9","857","779","0.00","0.0","0.0","--","--","--","--","--","0.0","--","--","--","0.0","0.0","--","--","--","0:00","21.0","0:00","No","08:22.11","9","0.0"
Corsa,2020-06-16 19:16:43,false,"Bergamo Corsa","11.01","793","00:54:14","165","183","3.7","159","172","4:56","3:20","243","222","1.27","0.0","0.0","--","--","--","--","--","0.0","--","--","--","0.0","0.0","--","--","--","0:00","28.0","0:00","No","00:01.93","12","0.0"
Corsa,2020-06-15 17:04:16,false,"Gazzaniga Corsa","9.40","637","00:49:23","150","169","3.4","157","177","5:15","4:03","306","312","1.21","0.0","0.0","--","--","--","--","--","0.0","--","--","--","0.0","0.0","--","--","--","0:00","25.0","0:00","No","02:25.93","10","0.0"
Nuoto in piscina,2020-06-11 18:34:13,false,"Nuoto in piscina","1,950","407","00:45:13","--","--","--","--","--","2:19","1:51","--","--","0.00","0.0","0.0","--","--","--","--","--","0.0","--","--","--","0.0","0.0","1241","51","27","0:00","29.0","0:00","No","45:12.68","1","0.0"
Corsa,2020-06-09 18:04:09,false,"Bergamo Corsa","13.01","886","01:03:46","164","180","3.7","160","174","4:54","4:05","294","249","1.27","0.0","0.0","--","--","--","--","--","0.0","--","--","--","0.0","0.0","--","--","--","0:00","25.0","0:00","No","00:02.01","14","0.0"
Nuoto in piscina,2020-06-08 17:23:04,false,"Nuoto in piscina","1,750","367","00:40:01","--","--","--","--","--","2:17","1:46","--","--","0.00","0.0","0.0","--","--","--","--","--","0.0","--","--","--","0.0","0.0","1110","50","28","0:00","29.0","0:00","No","16:12.44","2","0.0"
Corsa,2020-06-06 13:56:23,false,"Gazzaniga Corsa","22.35","1,706","01:57:26","170","186","3.9","159","180","5:15","3:43","665","499","1.20","0.0","0.0","--","--","--","--","--","0.0","--","--","--","0.0","0.0","--","--","--","0:00","28.0","0:00","No","02:21.28","23","0.0"
Cardio,2020-06-03 20:53:15,false,"Cardio","0.00","12","00:05:59.6","68","92","0.0","--","--","--","--","--","--","0.00","0.0","0.0","--","--","--","--","--","0.0","--","--","--","0.0","0.0","--","--","--","0:00","30.0","0:00","No","05:59.56","1","0.0"
Ciclismo,2020-06-01 08:20:32,false,"Gazzaniga Ciclismo","133.46","3,856","05:45:52","139","182","4.3","--","--","23.2","60.1","2,909","2,690","0.00","0.0","0.0","--","--","--","--","--","0.0","--","--","--","0.0","0.0","--","--","--","0:00","19.0","0:00","No","04:48.87","27","0.0"
Corsa,2020-05-30 17:30:45,false,"Gazzaniga Corsa","6.29","578","00:55:11","144","180","2.4","123","218","8:46","4:09","370","521","0.91","0.0","0.0","--","--","--","--","--","0.0","--","--","--","0.0","0.0","--","--","--","0:00","22.0","0:00","No","01:40.03","7","0.0"
Corsa,2020-05-30 17:03:25,false,"Gazzaniga Corsa","1.96","216","00:24:16","113","139","0.9","102","201","12:22","5:11","492","--","0.77","0.0","0.0","--","--","--","--","--","0.0","--","--","--","0.0","0.0","--","--","--","0:00","22.0","0:00","No","08:45.24","2","0.0"
Ciclismo,2020-05-29 17:32:08,false,"Gazzaniga Ciclismo","55.78","1,225","02:22:27","128","179","3.0","--","--","23.5","68.9","1,242","989","0.00","0.0","0.0","--","--","--","--","--","0.0","--","--","--","0.0","0.0","--","--","--","0:00","20.0","0:00","No","03:36.90","12","0.0"
Corsa,2020-05-28 18:54:52,false,"Gazzaniga Corsa","8.23","497","00:48:11","132","183","2.3","142","204","5:51","3:00","453","229","1.17","0.0","0.0","--","--","--","--","--","0.0","--","--","--","0.0","0.0","--","--","--","0:00","21.0","0:00","No","01:30.89","9","0.0"
Ciclismo,2020-05-27 17:08:28,false,"Bergamo Ciclismo","43.75","1,154","01:56:53","136","184","3.7","--","--","22.5","51.0","990","827","0.00","0.0","0.0","--","--","--","--","--","0.0","--","--","--","0.0","0.0","--","--","--","0:00","23.0","0:00","No","07:39.94","9","0.0"
Corsa,2020-05-26 18:03:23,false,"Bergamo Corsa","14.01","923","01:09:39","160","178","3.6","160","174","4:58","3:40","326","262","1.25","0.0","0.0","--","--","--","--","--","0.0","--","--","--","0.0","0.0","--","--","--","0:00","27.0","0:00","No","00:01.87","15","0.0"
Ciclismo,2020-05-24 12:43:00,false,"Gazzaniga Ciclismo","88.78","2,405","03:05:34","152","174","3.8","--","--","28.7","56.0","1,326","1,258","0.00","0.0","0.0","--","--","--","--","--","0.0","--","--","--","0.0","0.0","--","--","--","0:00","25.0","0:00","No","07:27.94","18","0.0"
Escursionismo,2020-05-23 09:36:38,false,"Gazzaniga Escursionismo","11.01","881","02:14:15","120","169","2.8","96","239","12:12","4:29","693","751","0.86","0.0","0.0","--","--","--","--","--","0.0","--","--","--","0.0","0.0","--","--","--","0:00","25.0","0:00","No","00:00.00","1","0.0"
Ciclismo,2020-05-22 17:01:29,false,"Gazzaniga Ciclismo","47.61","1,612","02:11:50","146","178","3.5","--","--","21.7","59.5","1,305","1,209","0.00","0.0","0.0","--","--","--","--","--","0.0","--","--","--","0.0","0.0","--","--","--","0:00","21.0","0:00","No","03:32.95","10","0.0"
Corsa,2020-05-21 18:16:02,false,"Gazzaniga Corsa","10.44","712","00:58:44","151","177","3.2","158","174","5:37","3:52","455","382","1.12","0.0","0.0","--","--","--","--","--","0.0","--","--","--","0.0","0.0","--","--","--","0:00","22.0","0:00","No","02:16.79","11","0.0"
Ciclismo,2020-05-20 17:30:45,false,"Bergamo Ciclismo","62.89","1,792","02:35:11","146","190","4.0","--","--","24.3","54.0","1,038","861","0.00","0.0","0.0","--","--","--","--","--","0.0","--","--","--","0.0","0.0","--","--","--","0:00","22.0","0:00","No","05:49.30","13","0.0"
Cardio,2020-05-19 20:22:31,false,"Cardio","0.00","89","00:34:51","74","115","0.1","--","--","--","--","--","--","0.00","0.0","0.0","--","--","--","--","--","0.0","--","--","--","0.0","0.0","--","--","--","0:00","27.0","0:00","No","00:00.00","1","0.0"
Corsa,2020-05-18 17:26:48,false,"Gazzaniga Corsa","10.11","752","00:53:04","164","182","4.2","160","179","5:15","3:45","304","301","1.19","0.0","0.0","--","--","--","--","--","0.0","--","--","--","0.0","0.0","--","--","--","0:00","26.0","0:00","No","00:41.89","11","0.0"
Ciclismo,2020-05-17 10:42:06,false,"Gazzaniga Ciclismo","47.71","1,712","02:23:32","150","184","4.4","--","--","19.9","56.9","1,268","1,214","0.00","0.0","0.0","--","--","--","--","--","0.0","--","--","--","0.0","0.0","--","--","--","0:00","22.0","0:00","No","07:43.31","10","0.0"
Escursionismo,2020-05-16 14:06:52,false,"Gazzaniga Escursionismo","7.96","707","02:01:16","110","157","1.6","75","213","15:14","4:12","379","404","0.88","0.0","0.0","--","--","--","--","--","0.0","--","--","--","0.0","0.0","--","--","--","0:00","19.0","0:00","No","00:00.00","1","0.0"
Corsa,2020-05-15 16:55:11,false,"Gazzaniga Corsa","7.97","777","01:18:22","143","189","3.7","106","249","9:50","4:54","644","664","0.96","0.0","0.0","--","--","--","--","--","0.0","--","--","--","0.0","0.0","--","--","--","0:00","21.0","0:00","No","07:05.22","8","0.0"
Corsa,2020-05-14 07:15:03,false,"Gazzaniga Corsa","8.62","720","00:47:10","166","191","4.5","161","194","5:28","4:00","298","296","1.14","0.0","0.0","--","--","--","--","--","0.0","--","--","--","0.0","0.0","--","--","--","0:00","20.0","0:00","No","03:57.71","9","0.0"
Corsa,2020-05-12 07:10:57,false,"Gazzaniga Corsa","8.52","664","00:48:05","155","180","3.7","158","170","5:39","4:06","294","273","1.12","0.0","0.0","--","--","--","--","--","0.0","--","--","--","0.0","0.0","--","--","--","0:00","18.0","0:00","No","03:29.88","9","0.0"
Ciclismo,2020-05-10 10:03:36,false,"Gazzaniga Ciclismo","59.71","1,792","02:27:14","152","190","4.6","--","--","24.3","61.7","1,373","1,309","0.00","0.0","0.0","--","--","--","--","--","0.0","--","--","--","0.0","0.0","--","--","--","0:00","19.0","0:00","No","06:34.49","12","0.0"
Ciclismo,2020-05-09 11:02:07,false,"Bergamo Ciclismo","23.60","690","00:57:43","136","167","3.0","--","--","24.5","41.2","446","65","0.00","0.0","0.0","--","--","--","--","--","0.0","--","--","--","0.0","0.0","--","--","--","0:00","26.0","0:00","No","09:41.100","5","0.0"
Ciclismo,2020-05-08 17:05:26,false,"Gazzaniga Ciclismo","23.50","426","00:44:41","124","153","1.7","--","--","31.6","55.1","85","471","0.00","0.0","0.0","--","--","--","--","--","0.0","--","--","--","0.0","0.0","--","--","--","0:00","26.0","0:00","No","07:46.64","5","0.0"
Ciclismo,2020-05-07 17:08:55,false,"Gazzaniga Ciclismo","25.00","974","01:13:21","146","174","4.0","--","--","20.4","51.4","774","173","0.00","0.0","0.0","--","--","--","--","--","0.0","--","--","--","0.0","0.0","--","--","--","0:00","20.0","0:00","No","09:19.00","5","0.0"
Corsa,2020-05-06 17:02:48,false,"Gazzaniga Corsa","10.01","798","00:53:48","161","176","4.6","158","235","5:23","4:07","304","306","1.18","0.0","0.0","--","--","--","--","--","0.0","--","--","--","0.0","0.0","--","--","--","0:00","22.0","0:00","No","00:01.38","11","0.0"
Ciclismo,2020-05-05 17:02:27,false,"Gazzaniga Ciclismo","49.64","1,312","02:02:01","144","179","3.3","--","--","24.4","57.0","1,096","1,000","0.00","0.0","0.0","--","--","--","--","--","0.0","--","--","--","0.0","0.0","--","--","--","0:00","21.0","0:00","No","06:39.03","10","0.0"
Ciclismo,2020-05-04 16:59:47,false,"Gazzaniga Ciclismo","42.20","1,490","01:50:59","159","192","5.0","--","--","22.8","59.1","1,083","1,015","0.00","0.0","0.0","--","--","--","--","--","0.0","--","--","--","0.0","0.0","--","--","--","0:00","20.0","0:00","No","07:12.92","9","0.0"
Corsa,2020-05-03 10:01:07,false,"Gazzaniga Corsa","5.01","457","00:30:52","159","187","3.8","157","218","6:10","4:20","239","279","1.03","0.0","0.0","--","--","--","--","--","0.0","--","--","--","0.0","0.0","--","--","--","0:00","23.0","0:00","No","00:02.32","6","0.0"
Ciclismo virtuale,2020-05-02 10:14:01,false,"Zwift - Watopia","17.29","947","01:05:10","--","--","0.0","--","--","15.9","53.1","1,009","--","0.00","0.0","0.0","--","--","59","81","267","0.0","283","256","350","0.0","0.0","--","--","--","0:00","0.0","0:00","No","00:00.00","1","0.0"
Ciclismo virtuale,2020-04-29 18:00:00,false,"Zwift - Watopia","32.02","810","01:00:44","--","--","0.0","--","--","31.6","68.6","536","--","0.00","0.0","0.0","--","--","65","84","254","0.0","305","232","362","0.0","0.0","--","--","--","0:00","0.0","0:00","No","00:00.00","1","0.0"
Ciclismo virtuale,2020-04-28 17:38:41,false,"Zwift - LOAD-UPs!","30.56","719","01:00:25","--","--","0.0","--","--","30.3","77.7","334","--","0.00","0.0","0.0","--","--","75","123","229","0.0","239","207","539","0.0","0.0","--","--","--","0:00","0.0","0:00","No","00:11.00","28","0.0"
Corsa,2020-04-27 17:26:06,false,"Gazzaniga Corsa","7.51","631","00:42:53","161","186","4.3","154","223","5:43","3:55","282","281","1.14","0.0","0.0","--","--","--","--","--","0.0","--","--","--","0.0","0.0","--","--","--","0:00","23.0","0:00","No","03:04.37","8","0.0"
Ciclismo virtuale,2020-04-26 13:33:21,false,"Zwift - Watopia","40.21","884","01:10:51","--","--","0.0","--","--","34.0","66.1","328","--","0.00","0.0","0.0","--","--","73","86","225","0.0","231","217","369","0.0","0.0","--","--","--","0:00","0.0","0:00","No","00:00.00","1","0.0"
Ciclismo virtuale,2020-04-25 11:36:17,false,"Zwift - Watopia","43.25","1,137","01:25:59","--","--","0.0","--","--","30.2","78.9","662","--","0.00","0.0","0.0","--","--","71","88","242","0.0","280","229","372","0.0","0.0","--","--","--","0:00","0.0","0:00","No","00:00.00","1","0.0"
Ciclismo virtuale,2020-04-23 17:13:54,false,"Zwift - The McCarthy Special","31.37","709","00:59:13","--","--","0.0","--","--","31.8","67.4","218","--","0.00","0.0","0.0","--","--","76","93","239","0.0","230","207","320","0.0","0.0","--","--","--","0:00","0.0","0:00","No","00:46.00","14","0.0"
Corsa,2020-04-22 17:06:33,false,"Gazzaniga Corsa","5.01","340","00:40:13","122","158","1.8","95","211","8:02","2:33","177","184","1.24","0.0","0.0","--","--","--","--","--","0.0","--","--","--","0.0","0.0","--","--","--","0:00","22.0","0:00","No","00:38.04","25","0.0"
Ciclismo virtuale,2020-04-21 10:44:01,false,"Zwift - London","41.42","989","01:20:01","--","--","0.0","--","--","31.1","78.0","510","--","0.00","0.0","0.0","--","--","72","87","223","0.0","239","215","352","0.0","0.0","--","--","--","0:00","0.0","0:00","No","00:00.00","1","0.0"
Ciclismo virtuale,2020-04-19 09:52:43,false,"Zwift - 2x20 FTP Intervals","31.28","1,016","01:30:20","--","--","0.0","--","--","20.8","78.3","1,059","--","0.00","0.0","0.0","--","--","73","126","233","0.0","275","196","283","0.0","0.0","--","--","--","0:00","0.0","0:00","No","05:00.00","7","0.0"
Ciclismo virtuale,2020-04-17 14:43:03,false,"Zwift - Innsbruck","31.05","835","01:00:05","--","--","0.0","--","--","31.0","84.4","531","--","0.00","0.0","0.0","--","--","64","82","257","0.0","288","242","418","0.0","0.0","--","--","--","0:00","0.0","0:00","No","00:00.00","1","0.0"
Ciclismo virtuale,2020-04-16 17:08:48,false,"Zwift - Watopia","30.45","887","01:00:22","--","--","0.0","--","--","30.3","75.8","581","--","0.00","0.0","0.0","--","--","71","90","264","0.0","290","254","393","0.0","0.0","--","--","--","0:00","0.0","0:00","No","00:00.00","1","0.0"
Corsa,2020-04-15 17:27:34,false,"Gazzaniga Corsa","5.01","406","00:27:38","157","184","3.6","156","245","5:31","4:09","238","235","1.16","0.0","0.0","--","--","--","--","--","0.0","--","--","--","0.0","0.0","--","--","--","0:00","20.0","0:00","No","00:01.60","6","0.0"
Ciclismo virtuale,2020-04-14 10:29:09,false,"Zwift - The Gorby","33.62","783","01:01:04","--","--","0.0","--","--","33.0","69.7","262","--","0.00","0.0","0.0","--","--","73","104","251","0.0","243","224","313","0.0","0.0","--","--","--","0:00","0.0","0:00","No","00:16.00","12","0.0"
Ciclismo virtuale,2020-04-12 14:46:04,false,"Zwift - Watopia","16.36","885","01:00:32","--","--","0.0","--","--","16.2","51.8","940","--","0.00","0.0","0.0","--","--","55","120","268","0.0","289","258","374","0.0","0.0","--","--","--","0:00","0.0","0:00","No","00:00.00","1","0.0"
Ciclismo virtuale,2020-04-11 10:59:58,false,"Zwift - Federico Bassis _ SST's Meetup - The Pretzel","74.06","2,076","02:16:48","--","--","0.0","--","--","32.5","88.6","1,365","--","0.00","0.0","0.0","--","--","64","131","270","0.0","290","264","492","0.0","0.0","--","--","--","0:00","0.0","0:00","No","00:00.00","1","0.0"
Ciclismo virtuale,2020-04-11 10:50:34,false,"Zwift - Watopia","2.09","27","00:04:29","--","--","0.0","--","--","28.0","34.0","4","--","0.00","0.0","0.0","--","--","73","82","106","0.0","--","106","121","0.0","0.0","--","--","--","0:00","0.0","0:00","No","00:00.00","1","0.0"
Ciclismo virtuale,2020-04-10 18:29:58,false,"Zwift - Federico Bassis _ SST's Meetup - Out And Back Again","41.26","1,043","01:04:44","--","--","0.0","--","--","38.2","67.2","333","--","0.00","0.0","0.0","--","--","74","92","288","0.0","302","281","432","0.0","0.0","--","--","--","0:00","0.0","0:00","No","00:00.00","1","0.0"
Ciclismo virtuale,2020-04-09 16:47:11,false,"Zwift - Watopia","37.63","885","01:02:22","--","--","0.0","--","--","36.2","64.5","315","--","0.00","0.0","0.0","--","--","70","112","265","0.0","273","247","618","0.0","0.0","--","--","--","0:00","0.0","0:00","No","00:00.00","1","0.0"
Ciclismo virtuale,2020-04-06 14:20:12,false,"Zwift - The McCarthy Special","41.12","1,027","01:20:04","--","--","0.0","--","--","30.8","73.9","678","--","0.00","0.0","0.0","--","--","76","117","256","0.0","242","224","379","0.0","0.0","--","--","--","0:00","0.0","0:00","No","00:12.100","19","0.0"
Corsa,2020-04-05 15:30:11,false,"Gazzaniga Corsa","5.00","494","00:30:30","170","185","3.9","152","176","6:06","3:50","164","160","1.08","0.0","0.0","--","--","--","--","--","0.0","--","--","--","0.0","0.0","--","--","--","0:00","25.0","0:00","No","00:01.02","6","0.0"
Corsa,2020-04-05 14:22:26,false,"Gazzaniga Corsa","5.01","430","00:28:49","157","182","3.4","159","206","5:45","4:34","227","241","1.09","0.0","0.0","--","--","--","--","--","0.0","--","--","--","0.0","0.0","--","--","--","0:00","22.0","0:00","No","00:01.64","6","0.0"
Ciclismo virtuale,2020-04-04 14:28:53,false,"Zwift - Watopia","52.96","1,348","01:34:33","--","--","0.0","--","--","33.6","70.0","582","--","0.00","0.0","0.0","--","--","62","91","263","0.0","271","248","623","0.0","0.0","--","--","--","0:00","0.0","0:00","No","00:00.00","1","0.0"
Corsa,2020-04-03 14:12:23,false,"Gazzaniga Corsa","5.00","468","00:30:25","159","183","3.4","154","195","6:05","3:38","186","171","1.07","0.0","0.0","--","--","--","--","--","0.0","--","--","--","0.0","0.0","--","--","--","0:00","22.0","0:00","No","00:01.21","6","0.0"
Ciclismo virtuale,2020-03-27 15:03:23,false,"Zwift - London","55.08","1,368","01:30:36","--","--","0.0","--","--","36.5","81.6","476","--","0.00","0.0","0.0","--","--","63","111","267","0.0","279","263","472","0.0","0.0","--","--","--","0:00","0.0","0:00","No","00:00.00","1","0.0"
Ciclismo virtuale,2020-03-26 18:00:09,false,"Zwift - Watopia","40.31","952","01:05:37","--","--","0.0","--","--","36.9","65.5","328","--","0.00","0.0","0.0","--","--","69","135","269","0.0","276","252","591","0.0","0.0","--","--","--","0:00","0.0","0:00","No","00:00.00","1","0.0"
Ciclismo virtuale,2020-03-24 17:19:36,false,"Zwift - Watopia","32.82","966","01:04:46","--","--","0.0","--","--","30.4","87.3","691","--","0.00","0.0","0.0","--","--","67","97","269","0.0","297","260","426","0.0","0.0","--","--","--","0:00","0.0","0:00","No","00:00.00","1","0.0"
Corsa,2020-03-22 14:49:40,false,"Gazzaniga Corsa","10.01","1,039","01:03:01","168","180","4.4","160","256","6:18","4:00","493","500","1.01","9.7","10.0","286","51.0% S / 49.0% D","--","--","--","0.0","--","--","--","0.0","0.0","--","--","--","0:00","16.0","0:00","No","00:02.36","11","0.0"
Ciclismo indoor,2020-03-20 14:50:37,false,"Ciclismo indoor","37.33","796","01:00:00","161","181","3.7","--","--","37.3","41.8","--","--","0.00","0.0","0.0","--","--","81","100","233","93.1","252","222","282","0.0","0.0","4906","--","--","0:00","21.0","0:00","No","04:42.71","8","0.0"
Ciclismo indoor,2020-03-20 13:35:54,false,"Ciclismo indoor","0.00","610","00:45:53","146","170","3.0","--","--","--","--","--","--","0.00","0.0","0.0","--","--","--","--","--","0.0","--","--","--","0.0","0.0","--","--","--","0:00","19.0","0:00","No","00:00.00","1","0.0"
Corsa,2020-03-18 17:00:30,false,"Gazzaniga Corsa","14.64","978","01:17:04","146","185","3.1","160","219","5:16","3:46","484","445","1.19","0.0","0.0","--","--","--","--","--","0.0","--","--","--","0.0","0.0","--","--","--","0:00","16.0","0:00","No","03:48.64","15","0.0"
Ciclismo indoor,2020-03-17 16:52:20,false,"Ciclismo indoor","0.00","900","01:05:01","147","164","3.3","--","--","--","--","--","--","0.00","0.0","0.0","--","--","--","--","--","0.0","--","--","--","0.0","0.0","--","--","--","0:00","13.0","0:00","No","00:00.00","1","0.0"
Corsa,2020-03-16 17:05:39,false,"Gazzaniga Corsa","5.25","454","01:08:19","108","156","1.0","96","224","13:00","5:17","404","408","0.80","0.0","0.0","--","--","--","--","--","0.0","--","--","--","0.0","0.0","--","--","--","0:00","17.0","0:00","No","03:21.15","6","0.0"
Corsa,2020-03-15 15:02:58,false,"Gazzaniga Corsa","8.49","657","00:43:09","157","183","3.7","161","183","5:05","3:41","303","267","1.22","0.0","0.0","--","--","--","--","--","0.0","--","--","--","0.0","0.0","--","--","--","0:00","15.0","0:00","No","02:49.23","9","0.0"
Corsa,2020-03-11 17:11:12,false,"Gazzaniga Corsa","10.50","753","00:56:56","146","179","3.1","156","248","5:25","3:56","357","298","1.18","0.0","0.0","--","--","--","--","--","0.0","--","--","--","0.0","0.0","--","--","--","0:00","19.0","0:00","No","02:40.85","11","0.0"
Ciclismo,2020-03-08 08:37:20,false,"Gazzaniga Ciclismo","74.86","2,416","03:29:53","144","181","3.3","--","--","21.4","56.4","2,039","2,011","0.00","0.0","0.0","--","--","--","--","--","0.0","--","--","--","0.0","0.0","--","--","--","0:00","11.0","0:00","No","07:15.35","15","0.0"
Corsa,2020-03-07 11:31:22,false,"Cene Corsa","12.00","873","00:50:06","171","188","4.2","163","185","4:11","3:34","94","92","1.47","0.0","0.0","--","--","--","--","--","0.0","--","--","--","0.0","0.0","--","--","--","0:00","22.0","0:00","No","00:00.47","14","0.0"
Sci di fondo classico,2020-03-06 20:50:27,false,"Gandino Sci di fondo classico","6.14","677","02:08:06","96","155","2.0","30","170","2.9","30.1","433","408","4.12","0.0","0.0","--","--","--","--","--","0.0","--","--","--","0.0","0.0","--","--","--","0:00","15.0","0:00","No","06:20.52","7","0.0"
Ciclismo,2020-03-05 18:02:14,false,"Bergamo Ciclismo","29.48","586","01:02:20","124","145","1.8","--","--","28.4","31.4","8","25","0.00","0.0","0.0","--","--","--","--","--","0.0","--","--","--","0.0","0.0","--","--","--","0:00","25.0","0:00","No","09:24.66","6","0.0"
Corsa,2020-03-04 19:53:02,false,"Bergamo Corsa","2.11","152","00:09:13.7","161","171","2.2","166","175","4:23","4:00","22","8","1.32","6.9","9.3","263","50.8% S / 49.2% D","--","--","--","0.0","--","--","--","0.0","0.0","--","--","--","0:00","19.0","0:00","No","00:29.52","3","0.0"
Corsa,2020-03-04 19:27:16,false,"Bergamo Corsa","5.01","344","00:19:35","173","180","3.2","169","219","3:54","3:17","40","23","1.50","6.1","9.5","250","50.8% S / 49.2% D","--","--","--","0.0","--","--","--","0.0","0.0","--","--","--","0:00","17.0","0:00","No","00:01.88","6","0.0"
Ciclismo,2020-03-04 18:04:54,false,"Bergamo Ciclismo","45.02","1,111","01:13:05","155","165","3.8","--","--","37.0","41.3","7","24","0.00","0.0","0.0","--","--","--","--","--","0.0","--","--","--","0.0","0.0","--","--","--","0:00","19.0","0:00","No","00:01.02","10","0.0"
Corsa,2020-03-03 17:48:31,false,"Bergamo Corsa","14.00","961","01:14:55","149","172","3.3","161","185","5:21","3:48","255","265","1.16","0.0","0.0","--","--","--","--","--","0.0","--","--","--","0.0","0.0","--","--","--","0:00","16.0","0:00","No","00:01.18","15","0.0"
Corsa,2020-03-01 11:06:07,false,"Gazzaniga Corsa","21.18","1,731","01:52:21","160","183","4.1","162","176","5:18","3:47","382","364","1.17","0.0","0.0","--","--","--","--","--","0.0","--","--","--","0.0","0.0","--","--","--","0:00","13.0","0:00","No","01:10.46","22","0.0"
Ciclismo,2020-02-29 09:03:08,false,"Gazzaniga Ciclismo","100.70","2,367","03:47:41","139","182","3.1","--","--","26.5","62.1","1,197","1,084","0.00","0.0","0.0","--","--","--","--","--","0.0","--","--","--","0.0","0.0","--","--","--","0:00","15.0","0:00","No","02:46.87","21","0.0"
Corsa,2020-02-27 18:24:49,false,"Bergamo Corsa","7.02","333","00:27:48","137","173","2.2","168","191","3:58","3:18","55","18","1.50","0.0","0.0","--","--","--","--","--","0.0","--","--","--","0.0","0.0","--","--","--","0:00","15.0","0:00","No","00:03.90","8","0.0"
Ciclismo,2020-02-26 18:31:12,false,"Bergamo Ciclismo","30.60","608","01:00:01","129","143","2.0","--","--","30.6","33.3","8","39","0.00","0.0","0.0","--","--","--","--","--","0.0","--","--","--","0.0","0.0","--","--","--","0:00","24.0","0:00","No","01:09.26","7","0.0"
Corsa,2020-02-25 19:48:25,false,"Bergamo Corsa","2.47","189","00:11:33","160","166","2.3","158","166","4:40","4:11","19","6","1.32","7.4","10.1","269","50.8% S / 49.2% D","--","--","--","0.0","--","--","--","0.0","0.0","--","--","--","0:00","22.0","0:00","No","02:12.22","3","0.0"
Corsa,2020-02-25 19:25:10,false,"Bergamo Corsa","5.01","339","00:20:00","170","180","3.1","163","178","3:59","3:31","33","17","1.54","6.6","10.6","251","50.7% S / 49.3% D","--","--","--","0.0","--","--","--","0.0","0.0","--","--","--","0:00","21.0","0:00","No","00:03.28","6","0.0"
Ciclismo,2020-02-25 17:50:05,false,"Bergamo Ciclismo","46.14","1,112","01:15:01","154","167","3.7","--","--","36.9","42.4","10","16","0.00","0.0","0.0","--","--","--","--","--","0.0","--","--","--","0.0","0.0","--","--","--","0:00","21.0","0:00","No","01:47.29","10","0.0"
Corsa,2020-02-24 18:44:45,false,"Bergamo Corsa","10.76","822","00:54:54","157","180","3.4","160","177","5:06","4:12","227","235","1.22","0.0","0.0","--","--","--","--","--","0.0","--","--","--","0.0","0.0","--","--","--","0:00","19.0","0:00","No","03:25.36","11","0.0"
Ciclismo,2020-02-22 13:59:55,false,"Gazzaniga Ciclismo","56.14","1,386","02:17:07","136","172","2.8","--","--","24.6","52.9","1,025","991","0.00","0.0","0.0","--","--","--","--","--","0.0","--","--","--","0.0","0.0","--","--","--","0:00","14.0","0:00","No","01:42.12","12","0.0"
Nuoto in piscina,2020-02-21 12:12:58,false,"Nuoto in vasca","2,525","550","00:54:05","--","--","--","--","--","2:09","1:06","--","--","0.00","0.0","0.0","--","--","--","--","--","0.0","--","--","--","0.0","0.0","1558","48","29","0:00","28.0","0:00","No","04:57.77","4","0.0"
Corsa,2020-02-20 18:07:56,false,"Bergamo Corsa","15.03","972","01:18:26","146","167","3.1","164","181","5:13","4:02","277","260","1.17","0.0","0.0","--","--","--","--","--","0.0","--","--","--","0.0","0.0","--","--","--","0:00","16.0","0:00","No","00:07.73","16","0.0"
Corsa,2020-02-18 18:33:37,false,"Paris Corsa","15.01","1,025","01:06:07","159","181","3.8","161","231","4:24","3:31","62","36","1.41","0.0","0.0","--","--","--","--","--","0.0","--","--","--","0.0","0.0","--","--","--","0:00","16.0","0:00","No","00:02.82","16","0.0"
Ciclismo,2020-02-17 14:49:11,false,"Bergamo Ciclismo","33.04","630","01:00:01","131","149","2.1","--","--","33.0","38.4","6","9","0.00","0.0","0.0","--","--","--","--","--","0.0","--","--","--","0.0","0.0","--","--","--","0:00","21.0","0:00","No","05:19.58","7","0.0"
Ciclismo,2020-02-16 09:54:18,false,"Gazzaniga Ciclismo","68.03","1,931","02:54:13","145","188","3.1","--","--","23.4","60.3","1,576","1,538","0.00","0.0","0.0","--","--","--","--","--","0.0","--","--","--","0.0","0.0","--","--","--","0:00","13.0","0:00","No","04:32.63","14","0.0"
Sci di fondo classico,2020-02-15 10:38:24,false,"Castione della Presolana Cross Country Classic Skiing","5.70","541","01:23:40","105","143","0.9","38","243","4.1","43.8","317","350","2.33","0.0","0.0","--","--","--","--","--","0.0","--","--","--","0.0","0.0","--","--","--","0:00","18.0","0:00","No","08:26.12","6","0.0"
Nuoto in piscina,2020-02-14 12:12:01,false,"Nuoto in vasca","1,675","392","00:43:01","--","--","--","--","--","1:55","1:03","--","--","0.00","0.0","0.0","--","--","--","--","--","0.0","--","--","--","0.0","0.0","950","43","30","0:00","28.0","0:00","No","00:08.89","30","0.0"
Ciclismo,2020-02-13 18:26:47,false,"Bergamo Ciclismo","27.74","657","00:45:01","152","174","3.2","--","--","37.0","48.6","4","8","0.00","0.0","0.0","--","--","--","--","--","0.0","--","--","--","0.0","0.0","--","--","--","0:00","19.0","0:00","No","04:34.18","6","0.0"
Corsa,2020-02-12 21:09:40,false,"Bergamo Corsa","9.20","498","00:41:28","140","183","2.3","164","243","4:30","2:59","229","182","1.35","0.0","0.0","--","--","--","--","--","0.0","--","--","--","0.0","0.0","--","--","--","0:00","17.0","0:00","No","01:02.77","10","0.0"
Corsa,2020-02-11 19:26:30,false,"Bergamo Corsa","10.01","802","00:51:59","159","170","3.4","162","179","5:12","4:11","191","157","1.16","7.8","9.2","285","50.8% S / 49.2% D","--","--","--","0.0","--","--","--","0.0","0.0","--","--","--","0:00","21.0","0:00","No","00:02.55","11","0.0"
Ciclismo,2020-02-11 18:08:36,false,"Bergamo Ciclismo","44.02","1,078","01:11:18","156","168","3.8","--","--","37.0","40.9","7","21","0.00","0.0","0.0","--","--","--","--","--","0.0","--","--","--","0.0","0.0","--","--","--","0:00","20.0","0:00","No","01:59.42","11","0.0"
Nuoto in piscina,2020-02-10 12:26:16,false,"Nuoto in vasca","1,925","435","00:41:23","--","--","--","--","--","2:07","0:48","--","--","0.00","0.0","0.0","--","--","--","--","--","0.0","--","--","--","0.0","0.0","1131","47","28","0:00","28.0","0:00","No","00:05.55","7","0.0"
Ciclismo,2020-02-09 13:38:05,false,"Gazzaniga Ciclismo","42.87","935","01:54:55","124","147","2.1","--","--","22.4","51.8","717","718","0.00","0.0","0.0","--","--","--","--","--","0.0","--","--","--","0.0","0.0","--","--","--","0:00","15.0","0:00","No","07:51.03","9","0.0"
Corsa,2020-02-08 16:35:19,false,"Nembro Corsa","7.01","556","00:38:19","150","160","2.9","162","172","5:28","4:43","46","41","1.13","0.0","0.0","--","--","--","--","--","0.0","--","--","--","0.0","0.0","--","--","--","0:00","19.0","0:00","No","00:01.27","8","0.0"
Corsa,2020-02-08 15:40:07,false,"Nembro Corsa","10.01","610","00:42:34","154","182","3.3","163","183","4:15","3:01","77","35","1.44","0.0","0.0","--","--","--","--","--","0.0","--","--","--","0.0","0.0","--","--","--","0:00","18.0","0:00","No","00:02.20","11","0.0"
Ciclismo,2020-02-06 18:24:22,false,"Bergamo Ciclismo","25.04","569","00:42:50","147","171","3.0","--","--","35.1","48.9","10","20","0.00","0.0","0.0","--","--","--","--","--","0.0","--","--","--","0.0","0.0","--","--","--","0:00","20.0","0:00","No","00:04.28","6","0.0"
Nuoto in piscina,2020-02-06 12:21:15,false,"Nuoto in vasca","1,650","400","00:41:35","--","--","--","--","--","1:51","1:05","--","--","0.00","0.0","0.0","--","--","--","--","--","0.0","--","--","--","0.0","0.0","891","41","29","0:00","28.0","0:00","No","00:04.68","36","0.0"
Corsa,2020-02-05 20:39:16,false,"Bergamo Corsa","9.83","595","00:48:25","143","182","2.4","164","185","4:56","3:47","185","112","1.24","0.0","0.0","--","--","--","--","--","0.0","--","--","--","0.0","0.0","--","--","--","0:00","14.0","0:00","No","04:07.44","10","0.0"
Corsa,2020-02-04 19:12:15,false,"Bergamo Corsa","8.01","608","00:41:25","156","168","3.1","164","224","5:10","4:21","131","113","1.14","7.8","9.1","280","51.1% S / 48.9% D","--","--","--","0.0","--","--","--","0.0","0.0","--","--","--","0:00","16.0","0:00","No","00:02.67","9","0.0"
Ciclismo,2020-02-04 17:47:41,false,"Bergamo Ciclismo","48.17","1,103","01:17:01","156","170","4.0","--","--","37.5","42.0","3","25","0.00","0.0","0.0","--","--","--","--","--","0.0","--","--","--","0.0","0.0","--","--","--","0:00","21.0","0:00","No","02:14.13","11","0.0"
Corsa,2020-02-02 09:40:14,false,"Bergamo Corsa","20.99","1,556","01:34:32","170","192","5.0","161","178","4:30","3:50","119","123","1.38","0.0","0.0","--","--","--","--","--","0.0","--","--","--","0.0","0.0","--","--","--","0:00","17.0","0:00","No","04:13.47","21","0.0"
Sci di fondo classico,2020-02-01 12:22:06,false,"Gromo Cross Country Classic Skiing","3.83","723","02:20:28","92","181","2.5","27","191","1.6","57.2","432","61","1.74","0.0","0.0","--","--","--","--","--","0.0","--","--","--","0.0","0.0","--","--","--","0:00","17.0","0:00","No","00:03.71","8","0.0"
Sci di fondo classico,2020-01-30 18:59:49,false,"Gromo Cross Country Classic Skiing","4.73","591","00:44:23","145","168","3.0","78","159","6.4","57.3","480","463","2.97","0.0","0.0","--","--","--","--","--","0.0","--","--","--","0.0","0.0","--","--","--","0:00","15.0","0:00","No","01:07.63","5","0.0"
Nuoto in piscina,2020-01-30 12:15:57,false,"Nuoto in vasca","1,725","369","00:38:13","--","--","--","--","--","2:13","1:06","--","--","0.00","0.0","0.0","--","--","--","--","--","0.0","--","--","--","0.0","0.0","1054","49","28","0:00","28.0","0:00","No","00:00.00","1","0.0"
Corsa,2020-01-28 17:45:07,false,"Bergamo Corsa","9.01","618","00:40:38","161","183","3.4","158","181","4:31","3:18","26","35","1.40","0.0","0.0","--","--","--","--","--","0.0","--","--","--","0.0","0.0","--","--","--","0:00","13.0","0:00","No","00:02.52","10","0.0"
Ciclismo,2020-01-27 21:22:41,false,"Bergamo Ciclismo","37.03","847","01:00:11","150","165","3.5","--","--","36.9","41.8","11","7","0.00","0.0","0.0","--","--","--","--","--","0.0","--","--","--","0.0","0.0","--","--","--","0:00","22.0","0:00","No","03:44.29","8","0.0"
Corsa,2020-01-26 17:17:33,false,"Gazzaniga Corsa","8.69","544","00:41:55","149","181","2.8","159","187","4:49","3:21","256","221","1.30","0.0","0.0","--","--","--","--","--","0.0","--","--","--","0.0","0.0","--","--","--","0:00","14.0","0:00","No","03:31.82","9","0.0"
Ciclismo,2020-01-25 13:47:57,false,"Gazzaniga Ciclismo","68.53","1,404","02:25:29","133","171","2.6","--","--","28.3","52.2","554","526","0.00","0.0","0.0","--","--","--","--","--","0.0","--","--","--","0.0","0.0","--","--","--","0:00","13.0","0:00","No","07:43.03","14","0.0"
Corsa,2020-01-25 10:46:49,false,"Gazzaniga Corsa","16.14","1,278","01:24:06","160","179","4.4","161","181","5:13","3:48","373","356","1.19","0.0","0.0","--","--","--","--","--","0.0","--","--","--","0.0","0.0","--","--","--","0:00","15.0","0:00","No","00:50.74","17","0.0"
Nuoto in piscina,2020-01-24 12:18:07,false,"Nuoto in vasca","1,800","457","00:46:50","--","--","--","--","--","1:55","0:53","--","--","0.00","0.0","0.0","--","--","--","--","--","0.0","--","--","--","0.0","0.0","972","42","28","0:00","28.0","0:00","No","00:15.88","37","0.0"
Corsa,2020-01-22 18:23:16,false,"Paris Corsa","8.21","452","00:36:02","148","184","3.0","156","181","4:23","3:02","26","14","1.45","0.0","0.0","--","--","--","--","--","0.0","--","--","--","0.0","0.0","--","--","--","0:00","9.0","0:00","No","00:05.91","13","0.0"
Ciclismo,2020-01-21 14:08:59,false,"Bergamo Ciclismo","37.51","850","01:00:02","153","167","3.7","--","--","37.5","42.9","5","11","0.00","0.0","0.0","--","--","--","--","--","0.0","--","--","--","0.0","0.0","--","--","--","0:00","21.0","0:00","No","04:36.66","8","0.0"
Nuoto in piscina,2020-01-20 12:20:27,false,"Nuoto in vasca","1,975","488","00:44:46","--","--","--","--","--","2:13","0:59","--","--","0.00","0.0","0.0","--","--","--","--","--","0.0","--","--","--","0.0","0.0","1211","48","28","0:00","27.0","0:00","No","00:04.52","9","0.0"
Corsa,2020-01-19 15:45:40,false,"Gazzaniga Corsa","25.15","1,899","02:19:21","158","181","4.4","157","170","5:32","3:57","461","462","1.15","0.0","0.0","--","--","--","--","--","0.0","--","--","--","0.0","0.0","--","--","--","0:00","13.0","0:00","No","01:05.65","26","0.0"
Sci di fondo classico,2020-01-18 14:22:58,false,"Gromo Cross Country Classic Skiing","7.22","744","01:25:25","129","180","3.1","50","236","5.1","61.0","900","919","3.05","0.0","0.0","--","--","--","--","--","0.0","--","--","--","0.0","0.0","--","--","--","0:00","9.0","0:00","No","00:19.70","8","0.0"
Sci di fondo classico,2020-01-16 20:13:46,false,"Gromo Cross Country Classic Skiing","3.97","395","00:36:20","130","162","2.4","77","159","6.5","54.7","412","420","3.82","0.0","0.0","--","--","--","--","--","0.0","--","--","--","0.0","0.0","--","--","--","0:00","13.0","0:00","No","01:14.29","4","0.0"
Corsa,2020-01-15 20:23:24,false,"Bergamo Corsa","14.67","932","01:08:36","151","187","2.7","159","211","4:41","3:19","249","195","1.35","0.0","0.0","--","--","--","--","--","0.0","--","--","--","0.0","0.0","--","--","--","0:00","15.0","0:00","No","03:29.67","15","0.0"
Nuoto in piscina,2020-01-14 12:14:01,false,"Nuoto in vasca","1,825","469","00:47:59","--","--","--","--","--","1:53","1:02","--","--","0.00","0.0","0.0","--","--","--","--","--","0.0","--","--","--","0.0","0.0","969","41","28","0:00","27.0","0:00","No","00:16.24","35","0.0"
Ciclismo,2020-01-13 17:56:07,false,"Bergamo Ciclismo","38.04","880","01:00:03","159","172","3.9","--","--","38.0","50.2","5","10","0.00","0.0","0.0","--","--","--","--","--","0.0","--","--","--","0.0","0.0","--","--","--","0:00","21.0","0:00","No","00:57.57","10","0.0"
Corsa,2020-01-11 16:26:35,false,"Gazzaniga Corsa","5.01","370","00:23:46","164","182","3.2","159","181","4:45","3:26","127","109","1.33","0.0","0.0","--","--","--","--","--","0.0","--","--","--","0.0","0.0","--","--","--","0:00","16.0","0:00","No","00:03.21","6","0.0"
Ciclismo,2020-01-11 13:37:44,false,"Gazzaniga Ciclismo","81.04","1,784","02:37:59","146","185","3.2","--","--","30.8","55.3","608","596","0.00","0.0","0.0","--","--","--","--","--","0.0","--","--","--","0.0","0.0","--","--","--","0:00","17.0","0:00","No","04:30.02","17","0.0"
Nuoto in piscina,2020-01-10 11:55:41,false,"Nuoto in vasca","1,775","445","00:48:24","--","--","--","--","--","2:00","1:26","--","--","0.00","0.0","0.0","--","--","--","--","--","0.0","--","--","--","0.0","0.0","1027","44","29","0:00","28.0","0:00","No","00:01.07","40","0.0"
Corsa,2020-01-08 18:40:29,false,"Paris Corsa","8.41","511","00:39:36","147","173","2.9","147","180","4:42","2:51","37","6","1.43","0.0","0.0","--","--","--","--","--","0.0","--","--","--","0.0","0.0","--","--","--","0:00","18.0","0:00","No","00:01.79","14","0.0"
Ciclismo,2020-01-07 07:52:35,false,"Bergamo Ciclismo","31.98","759","00:55:02","153","168","3.6","--","--","34.9","40.0","4","13","0.00","0.0","0.0","--","--","--","--","--","0.0","--","--","--","0.0","0.0","--","--","--","0:00","22.0","0:00","No","01:02.79","9","0.0"
Sci di fondo classico,2020-01-06 08:02:22,false,"Castione della Presolana Cross Country Classic Skiing","7.01","866","01:34:02","128","170","3.0","60","170","4.5","68.0","846","849","2.88","0.0","0.0","--","--","--","--","--","0.0","--","--","--","0.0","0.0","--","--","--","0:00","10.0","0:00","No","00:03.30","8","0.0"
Multisport,2020-01-04 14:01:47,false,"Casnigo Multi-Sport","50.48","1,657","02:41:25","--","179","3.7","--","--","18.8","--","332","311","0.00","0.0","0.0","--","--","--","--","--","0.0","--","--","--","0.0","0.0","--","--","--","0:00","0.0","0:00","No","00:00.00","5","0.0"
Nuoto in piscina,2020-01-03 12:23:49,false,"Nuoto in vasca","1,750","445","00:47:26","--","--","--","--","--","2:06","1:26","--","--","0.00","0.0","0.0","--","--","--","--","--","0.0","--","--","--","0.0","0.0","1045","47","28","0:00","28.0","0:00","No","00:07.91","37","0.0"
Ciclismo,2020-01-02 18:07:02,false,"Bergamo Ciclismo","40.02","878","01:05:27","151","172","3.5","--","--","36.7","42.7","1","8","0.00","0.0","0.0","--","--","--","--","--","0.0","--","--","--","0.0","0.0","--","--","--","0:00","20.0","0:00","No","00:01.49","9","0.0"
Ciclismo indoor,2019-12-31 15:15:27,false,"Ciclismo indoor","36.63","882","01:00:04","157","181","4.0","--","--","36.6","43.9","--","--","0.00","0.0","0.0","--","--","--","--","--","0.0","--","--","--","0.0","0.0","--","--","--","0:00","20.0","0:00","No","02:47.31","8","0.0"
Sci su pista/Snowboard,2019-12-30 12:48:55,false,"Tre Ville Resort Skiing/Snowboarding","1.85","13","00:02:00.6","103","111","0.0","--","--","55.1","72.3","--","542","0.00","0.0","0.0","--","--","--","--","--","0.0","--","--","--","0.0","0.0","--","--","--","0:00","27.0","0:00","No","00:00.00","1","0.0"
Sci su pista/Snowboard,2019-12-30 11:54:19,false,"Pinzolo Resort Skiing/Snowboarding","2.48","13","00:02:32.0","93","100","0.0","--","--","58.8","83.2","--","531","0.00","0.0","0.0","--","--","--","--","--","0.0","--","--","--","0.0","0.0","--","--","--","0:00","24.0","0:00","No","00:00.00","1","0.0"
Sci su pista/Snowboard,2019-12-29 15:12:41,false,"Ponte di Legno Resort Skiing/Snowboarding","5.72","52","00:06:00.4","115","127","0.3","--","--","57.1","83.4","--","776","0.00","0.0","0.0","--","--","--","--","--","0.0","--","--","--","0.0","0.0","--","--","--","0:00","18.0","0:00","No","00:00.00","1","0.0"
Sci su pista/Snowboard,2019-12-29 14:11:30,false,"Ponte di Legno Resort Skiing/Snowboarding","2.96","16","00:03:07.1","93","102","0.0","--","--","57.0","77.3","--","709","0.00","0.0","0.0","--","--","--","--","--","0.0","--","--","--","0.0","0.0","--","--","--","0:00","20.0","0:00","No","00:00.00","1","0.0"
Nuoto in piscina,2019-12-28 10:40:28,false,"Nuoto in vasca","2,025","509","01:05:19","--","--","--","--","--","2:02","1:32","--","--","0.00","0.0","0.0","--","--","--","--","--","0.0","--","--","--","0.0","0.0","1082","44","26","0:00","29.0","0:00","No","00:00.64","52","0.0"
Sci di fondo classico,2019-12-27 08:45:22,false,"Gromo Cross Country Classic Skiing","7.83","1,041","01:48:57","135","164","2.4","52","170","4.3","63.0","850","784","6.43","0.0","0.0","--","--","--","--","--","0.0","--","--","--","0.0","0.0","--","--","--","0:00","16.0","0:00","No","01:12.60","8","0.0"
Sci di fondo classico,2019-12-26 19:23:51,false,"Gromo Cross Country Classic Skiing","2.10","509","00:41:16","141","169","3.0","82","159","3.0","5.9","434","--","0.62","0.0","0.0","--","--","--","--","--","0.0","--","--","--","0.0","0.0","--","--","--","0:00","16.0","0:00","No","01:30.06","3","0.0"
Ciclismo,2019-12-26 09:58:26,false,"Gazzaniga Ciclismo","70.75","1,712","02:18:52","150","182","3.3","--","--","30.6","52.6","536","532","0.00","0.0","0.0","--","--","--","--","--","0.0","--","--","--","0.0","0.0","--","--","--","0:00","12.0","0:00","No","03:03.05","15","0.0"
Escursionismo,2019-12-25 09:50:36,false,"Gazzaniga Escursionismo","4.05","684","00:46:11","163","183","4.2","100","158","11:24","2:02","665","37","0.88","0.0","0.0","--","--","--","--","--","0.0","--","--","--","0.0","0.0","--","--","--","0:00","20.0","0:00","No","00:00.00","1","0.0"
Ciclismo,2019-12-24 09:35:49,false,"Gazzaniga Ciclismo","57.01","1,270","02:04:43","135","182","3.2","--","--","27.4","52.2","642","614","0.00","0.0","0.0","--","--","--","--","--","0.0","--","--","--","0.0","0.0","--","--","--","0:00","14.0","0:00","No","08:12.98","12","0.0"
Corsa,2019-12-22 08:31:37,false,"Gazzaniga Corsa","3.67","255","00:18:18","150","170","2.6","156","174","4:59","4:06","94","86","1.28","0.0","0.0","--","--","--","--","--","0.0","--","--","--","0.0","0.0","--","--","--","0:00","15.0","0:00","No","03:50.21","4","0.0"
Nuoto in piscina,2019-12-21 11:23:01,false,"Nuoto in vasca","2,400","664","00:50:07","--","--","--","--","--","2:05","0:48","--","--","0.00","0.0","0.0","--","--","--","--","--","0.0","--","--","--","0.0","0.0","1354","45","27","0:00","28.0","0:00","No","00:13.23","4","0.0"
Nuoto in piscina,2019-12-19 12:17:16,false,"Nuoto in vasca","1,050","275","00:27:35","--","--","--","--","--","2:03","0:55","--","--","0.00","0.0","0.0","--","--","--","--","--","0.0","--","--","--","0.0","0.0","567","44","26","0:00","28.0","0:00","No","00:52.12","15","0.0"
Corsa,2019-12-18 19:14:32,false,"Bergamo Corsa","4.07","293","00:18:28","168","179","3.2","152","166","4:32","3:56","26","6","1.45","0.0","0.0","--","--","--","--","--","0.0","--","--","--","0.0","0.0","--","--","--","0:00","22.0","0:00","No","00:19.91","5","0.0"
Ciclismo indoor,2019-12-18 18:18:08,false,"Ciclismo indoor","0.00","753","00:53:33","152","176","3.6","--","--","--","--","--","--","0.00","0.0","0.0","--","--","--","--","--","0.0","--","--","--","0.0","0.0","--","--","--","0:00","26.0","0:00","No","00:00.00","1","0.0"
Nuoto in piscina,2019-12-17 12:18:05,false,"Nuoto in vasca","2,175","575","00:47:50","--","--","--","--","--","2:12","0:48","--","--","0.00","0.0","0.0","--","--","--","--","--","0.0","--","--","--","0.0","0.0","1237","47","26","0:00","28.0","0:00","No","00:00.00","1","0.0"
Corsa,2019-12-14 22:10:49,false,"Ponte Nossa Corsa","13.35","914","01:02:56","160","176","3.9","160","175","4:43","3:32","16","133","1.32","0.0","0.0","--","--","--","--","--","0.0","--","--","--","0.0","0.0","--","--","--","0:00","15.0","0:00","No","01:47.04","14","0.0"
Ciclismo,2019-12-14 10:19:18,false,"Gazzaniga Ciclismo","42.68","1,090","01:29:35","147","181","3.6","--","--","28.6","50.0","560","550","0.00","0.0","0.0","--","--","--","--","--","0.0","--","--","--","0.0","0.0","--","--","--","0:00","14.0","0:00","No","07:52.40","9","0.0"
Ciclismo indoor,2019-12-13 17:48:17,false,"Ciclismo indoor","33.00","787","00:56:14","154","182","3.9","--","--","35.2","--","--","--","0.00","0.0","0.0","--","--","--","--","--","0.0","--","--","--","0.0","0.0","--","--","--","0:00","26.0","0:00","No","00:00.00","1","0.0"
Nuoto in piscina,2019-12-12 12:29:39,false,"Nuoto in vasca","2,125","594","00:46:00","--","--","--","--","--","2:10","0:55","--","--","0.00","0.0","0.0","--","--","--","--","--","0.0","--","--","--","0.0","0.0","1185","46","26","0:00","28.0","0:00","No","00:02.10","2","0.0"
Corsa,2019-12-11 20:25:47,false,"Bergamo Corsa","7.36","452","00:35:10","151","191","3.3","153","179","4:47","3:42","78","67","1.36","0.0","0.0","--","--","--","--","--","0.0","--","--","--","0.0","0.0","--","--","--","0:00","16.0","0:00","No","02:00.19","8","0.0"
Ciclismo indoor,2019-12-09 21:16:58,false,"Ciclismo indoor","33.00","724","01:05:05","141","160","2.6","--","--","30.4","--","--","--","0.00","0.0","0.0","--","--","--","--","--","0.0","--","--","--","0.0","0.0","--","--","--","0:00","27.0","0:00","No","00:00.00","1","0.0"
Sci su pista/Snowboard,2019-12-08 15:07:07,false,"Rovetta Resort Skiing/Snowboarding","2.81","11","00:02:55.9","84","92","0.0","--","--","57.4","83.6","--","611","0.00","0.0","0.0","--","--","--","--","--","0.0","--","--","--","0.0","0.0","--","--","--","0:00","20.0","0:00","No","00:00.00","1","0.0"
Ciclismo indoor,2019-12-07 10:43:16,false,"Ciclismo indoor","32.00","817","01:03:24","148","173","3.2","--","--","30.3","--","--","--","0.00","0.0","0.0","--","--","--","--","--","0.0","--","--","--","0.0","0.0","--","--","--","0:00","23.0","0:00","No","00:00.00","1","0.0"
Nuoto in piscina,2019-12-06 19:07:44,false,"Nuoto in vasca","1,500","439","00:32:10","--","--","--","--","--","2:09","0:57","--","--","0.00","0.0","0.0","--","--","--","--","--","0.0","--","--","--","0.0","0.0","824","46","26","0:00","29.0","0:00","No","05:43.32","2","0.0"
Nuoto in piscina,2019-12-06 12:17:55,false,"Nuoto in vasca","1,500","436","00:32:04","--","--","--","--","--","2:06","0:56","--","--","0.00","0.0","0.0","--","--","--","--","--","0.0","--","--","--","0.0","0.0","821","45","26","0:00","28.0","0:00","No","00:00.00","1","0.0"
Corsa,2019-12-04 20:28:44,false,"Bergamo Corsa","9.31","704","00:49:59","161","183","3.6","157","168","5:22","4:05","141","143","1.19","0.0","0.0","--","--","--","--","--","0.0","--","--","--","0.0","0.0","--","--","--","0:00","12.0","0:00","No","01:36.67","10","0.0"
Nuoto in piscina,2019-12-04 12:30:20,false,"Nuoto in vasca","1,375","394","00:31:38","--","--","--","--","--","2:18","0:51","--","--","0.00","0.0","0.0","--","--","--","--","--","0.0","--","--","--","0.0","0.0","828","50","26","0:00","29.0","0:00","No","06:26.18","2","0.0"
Corsa,2019-12-02 18:27:46,false,"Paris Corsa","7.19","528","00:43:06","149","186","3.1","152","219","5:59","1:44","120","102","1.10","0.0","0.0","--","--","--","--","--","0.0","--","--","--","0.0","0.0","--","--","--","0:00","14.0","0:00","No","01:17.76","8","0.0"
Sci su pista/Snowboard,2019-11-30 11:46:19,false,"Livigno Resort Skiing/Snowboarding","3.74","29","00:04:13.5","106","114","0.1","--","--","53.1","72.3","--","885","0.00","0.0","0.0","--","--","--","--","--","0.0","--","--","--","0.0","0.0","--","--","--","0:00","24.0","0:00","No","00:00.00","1","0.0"
Sci su pista/Snowboard,2019-11-30 10:04:08,false,"Livigno Resort Skiing/Snowboarding","3.67","29","00:05:42.9","94","104","0.1","--","--","38.5","68.2","--","866","0.00","0.0","0.0","--","--","--","--","--","0.0","--","--","--","0.0","0.0","--","--","--","0:00","17.0","0:00","No","00:00.00","1","0.0"
Corsa,2019-11-27 20:19:15,false,"Bergamo Corsa","14.81","841","01:09:55","147","193","2.6","158","211","4:43","2:06","207","200","1.34","0.0","0.0","--","--","--","--","--","0.0","--","--","--","0.0","0.0","--","--","--","0:00","18.0","0:00","No","03:43.91","15","0.0"
Corsa,2019-11-24 09:34:46,false,"Milano Corsa","21.10","1,698","01:39:26","182","200","5.0","158","174","4:43","3:48","23","31","1.34","0.0","0.0","--","--","--","--","--","0.0","--","--","--","0.0","0.0","--","--","--","0:00","18.0","0:00","No","00:28.36","22","0.0"
Corsa,2019-11-21 18:15:51,false,"Bergamo Corsa","8.74","583","00:46:42","149","169","3.0","158","191","5:21","4:23","132","129","1.18","0.0","0.0","--","--","--","--","--","0.0","--","--","--","0.0","0.0","--","--","--","0:00","18.0","0:00","No","03:35.33","9","0.0"
Corsa,2019-11-18 19:33:09,false,"Paris Corsa","13.01","907","00:58:07","173","189","5.0","157","176","4:28","3:50","26","18","1.43","0.0","0.0","--","--","--","--","--","0.0","--","--","--","0.0","0.0","--","--","--","0:00","17.0","0:00","No","00:02.78","14","0.0"
Sci di fondo classico,2019-11-17 11:26:32,false,"Castione della Presolana Cross Country Classic Skiing","2.89","236","00:35:58","106","153","1.3","71","159","4.8","29.5","398","368","2.14","0.0","0.0","--","--","--","--","--","0.0","--","--","--","0.0","0.0","--","--","--","0:00","12.0","0:00","No","00:02.72","8","0.0"
Nuoto in piscina,2019-11-16 11:03:04,false,"Nuoto in vasca","1,350","380","00:30:01","--","--","--","--","--","2:07","0:53","--","--","0.00","0.0","0.0","--","--","--","--","--","0.0","--","--","--","0.0","0.0","676","44","24","0:00","29.0","0:00","No","02:32.30","7","0.0"
Corsa,2019-11-13 21:13:54,false,"Bergamo Corsa","7.63","469","00:39:09","146","186","2.2","142","188","5:08","3:20","132","127","1.38","0.0","0.0","--","--","--","--","--","0.0","--","--","--","0.0","0.0","--","--","--","0:00","14.0","0:00","No","03:23.81","8","0.0"
Escursionismo,2019-11-10 14:01:38,false,"Gazzaniga Escursionismo","8.01","918","01:08:19","160","187","4.0","119","229","8:32","3:29","666","659","0.98","0.0","0.0","--","--","--","--","--","0.0","--","--","--","0.0","0.0","--","--","--","0:00","15.0","0:00","No","00:00.00","1","0.0"
Corsa,2019-11-09 15:29:35,false,"Gazzaniga Corsa","3.91","391","00:24:39","174","196","3.8","139","233","6:19","3:43","291","--","1.13","0.0","0.0","--","--","--","--","--","0.0","--","--","--","0.0","0.0","--","--","--","0:00","15.0","0:00","No","04:56.15","4","0.0"
Corsa,2019-11-09 14:57:20,false,"Gazzaniga Corsa","2.12","127","00:10:27","142","156","1.8","151","198","4:56","3:48","--","278","1.34","0.0","0.0","--","--","--","--","--","0.0","--","--","--","0.0","0.0","--","--","--","0:00","17.0","0:00","No","00:44.01","3","0.0"
Corsa,2019-11-05 18:22:06,false,"Paris Corsa","7.02","469","00:30:41","170","191","4.0","150","170","4:22","3:23","10","12","1.52","0.0","0.0","--","--","--","--","--","0.0","--","--","--","0.0","0.0","--","--","--","0:00","20.0","0:00","No","00:04.32","8","0.0"
Corsa,2019-11-04 19:00:37,false,"Paris Corsa","10.08","692","00:47:27","165","191","4.3","152","170","4:42","4:09","36","45","1.40","0.0","0.0","--","--","--","--","--","0.0","--","--","--","0.0","0.0","--","--","--","0:00","17.0","0:00","No","00:31.55","11","0.0"
Corsa,2019-11-01 15:41:14,false,"Gazzaniga Corsa","10.05","845","00:58:53","164","178","3.8","156","216","5:51","3:38","395","404","1.09","0.0","0.0","--","--","--","--","--","0.0","--","--","--","0.0","0.0","--","--","--","0:00","17.0","0:00","No","00:17.25","11","0.0"
Ciclismo,2019-11-01 13:42:05,false,"Gazzaniga Ciclismo","46.51","1,289","01:40:10","153","179","3.5","--","--","27.9","57.1","588","584","0.00","0.0","0.0","--","--","--","--","--","0.0","--","--","--","0.0","0.0","--","--","--","0:00","17.0","0:00","No","07:07.21","10","0.0"
Corsa,2019-10-30 21:22:07,false,"Bergamo Corsa","10.03","665","00:47:24","164","193","3.6","155","183","4:43","3:16","137","143","1.36","0.0","0.0","--","--","--","--","--","0.0","--","--","--","0.0","0.0","--","--","--","0:00","20.0","0:00","No","00:10.03","11","0.0"
Ciclismo,2019-10-26 13:46:31,false,"Gazzaniga Ciclismo","22.49","425","00:42:39","132","161","2.2","--","--","31.6","53.7","33","447","0.00","0.0","0.0","--","--","--","--","--","0.0","--","--","--","0.0","0.0","--","--","--","0:00","26.0","0:00","No","04:59.89","5","0.0"
Corsa,2019-10-25 17:17:48,false,"Bergamo Corsa","21.01","1,548","01:45:02","174","190","5.0","153","166","5:00","3:57","160","37","1.31","0.0","0.0","--","--","--","--","--","0.0","--","--","--","0.0","0.0","--","--","--","0:00","22.0","0:00","No","00:03.19","22","0.0"
Corsa,2019-10-23 21:14:06,false,"Bergamo Corsa","9.15","628","00:41:11","172","196","3.7","154","227","4:30","2:56","131","124","1.44","0.0","0.0","--","--","--","--","--","0.0","--","--","--","0.0","0.0","--","--","--","0:00","24.0","0:00","No","00:39.75","10","0.0"
Corsa,2019-10-20 16:26:57,false,"Gazzaniga Corsa","6.26","448","00:31:16","161","191","3.6","153","164","4:59","4:06","182","173","1.31","0.0","0.0","--","--","--","--","--","0.0","--","--","--","0.0","0.0","--","--","--","0:00","20.0","0:00","No","01:16.23","7","0.0"
Corsa,2019-10-16 21:09:26,false,"Bergamo Corsa","8.77","617","00:41:24","167","195","4.0","155","168","4:43","3:46","121","119","1.37","0.0","0.0","--","--","--","--","--","0.0","--","--","--","0.0","0.0","--","--","--","0:00","20.0","0:00","No","04:00.09","9","0.0"
Corsa,2019-10-15 18:39:50,false,"Bergamo Corsa","6.21","417","00:28:03","165","190","3.8","149","163","4:31","3:57","13","17","1.49","0.0","0.0","--","--","--","--","--","0.0","--","--","--","0.0","0.0","--","--","--","0:00","22.0","0:00","No","00:58.87","7","0.0"
Ciclismo,2019-10-12 15:30:12,false,"Gazzaniga Ciclismo","16.29","676","00:47:10","166","189","3.9","--","--","20.7","60.1","495","494","0.00","0.0","0.0","--","--","--","--","--","0.0","--","--","--","0.0","0.0","--","--","--","0:00","18.0","0:00","No","01:51.81","4","0.0"
Corsa,2019-10-12 14:20:20,false,"Gazzaniga Corsa","10.70","824","00:55:55","168","186","4.2","153","167","5:14","4:01","379","383","1.25","0.0","0.0","--","--","--","--","--","0.0","--","--","--","0.0","0.0","--","--","--","0:00","22.0","0:00","No","03:01.40","11","0.0"
Corsa,2019-10-07 18:03:27,false,"Bergamo Corsa","6.01","451","00:32:07","155","165","3.3","153","164","5:21","4:10","13","16","1.22","0.0","0.0","--","--","--","--","--","0.0","--","--","--","0.0","0.0","--","--","--","0:00","24.0","0:00","No","00:02.77","7","0.0"
Corsa,2019-10-06 20:52:54,false,"Corsa","6.00","640","01:00:00","--","--","--","--","--","10:00","--","--","--","0.00","0.0","0.0","--","--","--","--","--","0.0","--","--","--","0.0","0.0","--","--","--","0:00","0.0","0:00","No","00:00.00","1","0.0"
Nuoto in piscina,2019-10-03 12:38:38,false,"Nuoto in vasca","1,000","263","00:23:26","--","--","--","--","--","2:13","0:50","--","--","0.00","0.0","0.0","--","--","--","--","--","0.0","--","--","--","0.0","0.0","519","46","23","0:00","28.0","0:00","No","00:04.84","7","0.0"
Corsa,2019-10-01 18:18:44,false,"Bergamo Corsa","7.02","486","00:33:54","162","182","3.6","154","170","4:50","4:15","23","23","1.34","0.0","0.0","--","--","--","--","--","0.0","--","--","--","0.0","0.0","--","--","--","0:00","27.0","0:00","No","00:04.47","8","0.0"
Corsa,2019-09-29 15:32:29,false,"Gazzaniga Corsa","7.18","575","00:36:40","170","193","4.5","154","166","5:07","3:56","223","225","1.27","0.0","0.0","--","--","--","--","--","0.0","--","--","--","0.0","0.0","--","--","--","0:00","25.0","0:00","No","01:03.51","8","0.0"
Corsa,2019-09-28 11:14:53,false,"Gazzaniga Corsa","6.27","474","00:30:13","171","192","4.2","155","170","4:49","3:21","134","131","1.34","0.0","0.0","--","--","--","--","--","0.0","--","--","--","0.0","0.0","--","--","--","0:00","25.0","0:00","No","01:15.97","7","0.0"
Corsa,2019-09-23 17:53:06,false,"Bergamo Corsa","5.44","383","00:25:19","167","192","3.7","151","172","4:39","3:56","90","95","1.42","0.0","0.0","--","--","--","--","--","0.0","--","--","--","0.0","0.0","--","--","--","0:00","24.0","0:00","No","01:55.11","6","0.0"
Corsa,2019-09-22 11:00:02,false,"Gazzaniga Corsa","5.56","416","00:26:59","171","191","4.1","150","168","4:51","3:33","133","135","1.37","0.0","0.0","--","--","--","--","--","0.0","--","--","--","0.0","0.0","--","--","--","0:00","21.0","0:00","No","02:41.85","6","0.0"
Yoga,2019-09-19 13:00:51,false,"Yoga","0.00","152","00:46:56","79","124","0.3","--","--","--","--","--","--","0.00","0.0","0.0","--","--","--","--","--","0.0","--","--","--","0.0","0.0","--","--","--","0:00","29.0","0:00","No","00:00.00","1","0.0"
Corsa,2019-09-18 18:22:17,false,"Bergamo Corsa","6.01","451","00:29:29","169","183","3.9","154","163","4:54","3:45","12","19","1.32","0.0","0.0","--","--","--","--","--","0.0","--","--","--","0.0","0.0","--","--","--","0:00","27.0","0:00","No","00:03.39","7","0.0"
Corsa,2019-09-16 18:23:12,false,"Bergamo Corsa","5.08","353","00:21:55","176","195","4.2","153","170","4:19","3:48","9","13","1.52","0.0","0.0","--","--","--","--","--","0.0","--","--","--","0.0","0.0","--","--","--","0:00","28.0","0:00","No","00:23.07","6","0.0"
Corsa,2019-09-14 08:03:22,false,"Gazzaniga Corsa","4.15","286","00:18:52","164","198","3.8","157","170","4:33","3:37","126","133","1.40","0.0","0.0","--","--","--","--","--","0.0","--","--","--","0.0","0.0","--","--","--","0:00","22.0","0:00","No","00:50.60","5","0.0"
Corsa,2019-09-10 18:15:41,false,"Bergamo Corsa","5.41","462","00:31:16","163","187","3.8","153","163","5:47","4:25","97","95","1.13","0.0","0.0","--","--","--","--","--","0.0","--","--","--","0.0","0.0","--","--","--","0:00","26.0","0:00","No","02:15.42","6","0.0"
Corsa,2019-09-03 18:57:25,false,"Bergamo Corsa","5.43","419","00:25:39","175","194","4.5","153","164","4:43","4:04","86","95","1.38","0.0","0.0","--","--","--","--","--","0.0","--","--","--","0.0","0.0","--","--","--","0:00","28.0","0:00","No","01:55.60","6","0.0"
Corsa,2019-09-01 10:52:55,false,"Gazzaniga Corsa","3.64","371","00:23:36","169","192","4.0","151","204","6:29","3:59","189","200","1.02","0.0","0.0","--","--","--","--","--","0.0","--","--","--","0.0","0.0","--","--","--","0:00","30.0","0:00","No","03:33.78","4","0.0"
Corsa,2019-08-29 18:13:25,false,"Bergamo Corsa","3.81","303","00:19:16","170","189","3.5","152","170","5:03","4:08","84","69","1.30","0.0","0.0","--","--","--","--","--","0.0","--","--","--","0.0","0.0","--","--","--","0:00","31.0","0:00","No","03:57.94","4","0.0"
Ciclismo,2019-08-24 13:54:31,false,"Gazzaniga Ciclismo","49.41","1,610","02:12:58","153","182","4.2","--","--","22.3","54.7","1,027","1,027","0.00","0.0","0.0","--","--","--","--","--","0.0","--","--","--","0.0","0.0","--","--","--","0:00","28.0","0:00","No","07:09.88","11","0.0"
Corsa,2019-08-14 16:00:55,false,"Gazzaniga Corsa","5.26","447","00:47:06","121","183","2.4","112","243","8:57","4:55","278","275","1.00","0.0","0.0","--","--","--","--","--","0.0","--","--","--","0.0","0.0","--","--","--","0:00","30.0","0:00","No","02:11.93","6","0.0"
Escursionismo,2019-08-13 15:52:06,false,"Valbondione Escursionismo","2.94","486","00:47:16","125","179","3.1","73","248","16:06","5:19","3","933","0.85","0.0","0.0","--","--","--","--","--","0.0","--","--","--","0.0","0.0","--","--","--","0:00","22.0","0:00","No","00:00.00","1","0.0"
Escursionismo,2019-08-13 08:05:25,false,"Valbondione Escursionismo","11.15","1,787","04:58:53","109","168","2.8","48","250","26:48","0:51","838","1,263","0.79","0.0","0.0","--","--","--","--","--","0.0","--","--","--","0.0","0.0","--","--","--","0:00","12.0","0:00","No","01:23:40.01","2","0.0"
Escursionismo,2019-08-12 07:51:29,false,"Carona Escursionismo","11.10","1,883","03:21:55","130","189","3.8","78","243","18:11","6:33","1,018","757","0.70","0.0","0.0","--","--","--","--","--","0.0","--","--","--","0.0","0.0","--","--","--","0:00","19.0","0:00","No","00:00.00","1","0.0"
Escursionismo,2019-08-11 07:28:52,false,"Ardesio Escursionismo","20.66","2,427","05:22:24","118","182","2.9","89","211","15:36","4:36","1,491","641","0.72","0.0","0.0","--","--","--","--","--","0.0","--","--","--","0.0","0.0","--","--","--","0:00","25.0","0:00","No","00:00.00","1","0.0"
Escursionismo,2019-08-04 15:09:40,false,"Gazzaniga Escursionismo","7.87","1,027","01:18:19","160","195","5.0","108","250","9:57","4:21","636","632","0.94","0.0","0.0","--","--","--","--","--","0.0","--","--","--","0.0","0.0","--","--","--","0:00","27.0","0:00","No","00:00.00","1","0.0"
Ciclismo,2019-08-03 15:31:38,false,"Gazzaniga Ciclismo","48.04","1,505","01:54:16","150","199","5.0","--","--","25.2","54.8","598","506","0.00","0.0","0.0","--","--","--","--","--","0.0","--","--","--","0.0","0.0","--","--","--","0:00","28.0","0:00","No","09:32.44","10","0.0"
Ciclismo,2019-07-30 19:38:21,false,"Gazzaniga Ciclismo","21.01","470","00:44:18","135","162","2.3","--","--","28.5","57.3","24","419","0.00","0.0","0.0","--","--","--","--","--","0.0","--","--","--","0.0","0.0","--","--","--","0:00","29.0","0:00","No","02:22.86","5","0.0"
Ciclismo,2019-07-30 17:49:06,false,"Bergamo Ciclismo","24.53","987","01:02:23","166","190","5.0","--","--","23.6","43.9","435","25","0.00","0.0","0.0","--","--","--","--","--","0.0","--","--","--","0.0","0.0","--","--","--","0:00","30.0","0:00","No","09:08.95","5","0.0"
Cardio,2019-07-22 19:59:57,false,"Cardio","0.00","104","00:22:12","89","120","0.2","--","--","--","--","--","--","0.00","0.0","0.0","--","--","--","--","--","0.0","--","--","--","0.0","0.0","--","--","--","0:00","33.0","0:00","No","00:00.00","1","0.0"
Ciclismo,2019-07-20 15:10:35,false,"Gazzaniga Ciclismo","37.54","1,572","01:56:38","161","193","4.6","--","--","19.3","58.5","998","1,004","0.00","0.0","0.0","--","--","--","--","--","0.0","--","--","--","0.0","0.0","--","--","--","0:00","29.0","0:00","No","00:01.07","12","0.0"
Ciclismo,2019-07-16 19:48:26,false,"Gazzaniga Ciclismo","22.72","530","00:41:30","143","176","3.0","--","--","32.8","56.2","29","453","0.00","0.0","0.0","--","--","--","--","--","0.0","--","--","--","0.0","0.0","--","--","--","0:00","26.0","0:00","No","05:43.44","5","0.0"
Ciclismo,2019-07-16 17:55:25,false,"Bergamo Ciclismo","24.32","956","00:58:19","169","193","5.0","--","--","25.0","41.8","447","27","0.00","0.0","0.0","--","--","--","--","--","0.0","--","--","--","0.0","0.0","--","--","--","0:00","28.0","0:00","No","09:48.47","5","0.0"
Ciclismo,2019-07-12 07:11:45,false,"Gazzaniga Ciclismo","22.42","486","00:39:18","140","171","3.1","--","--","34.2","54.8","35","468","0.00","0.0","0.0","--","--","--","--","--","0.0","--","--","--","0.0","0.0","--","--","--","0:00","22.0","0:00","No","05:11.63","5","0.0"
Ciclismo,2016-06-02 15:08:02,false,"Torre Boldone Ciclismo","29.19","752","01:25:42","--","--","--","--","--","20.4","51.3","612","191","0.00","0.0","0.0","--","--","--","--","--","0.0","--","--","--","0.0","0.0","--","--","--","0:00","0.0","0:00","No","00:00.00","--","0.0"
Ciclismo,2016-06-02 14:25:08,false,"Orezzo Ciclismo","12.50","393","00:27:01","--","--","--","--","--","27.8","56.0","43","469","0.00","0.0","0.0","--","--","--","--","--","0.0","--","--","--","0.0","0.0","--","--","--","0:00","0.0","0:00","No","00:00.00","--","0.0"
Ciclismo,2016-05-08 07:43:15,false,"Orezzo Ciclismo","100.01","3,606","03:03:01","--","--","--","--","--","32.8","56.3","252","788","0.00","0.0","0.0","--","--","--","--","--","0.0","--","--","--","0.0","0.0","--","--","--","0:00","0.0","0:00","No","00:00.00","--","0.0"
Ciclismo,2016-05-03 16:25:08,false,"Orezzo Ciclismo","38.40","1,229","01:20:32","--","--","--","--","--","28.6","56.7","346","675","0.00","0.0","0.0","--","--","--","--","--","0.0","--","--","--","0.0","0.0","--","--","--","0:00","0.0","0:00","No","00:00.00","--","0.0"
Ciclismo,2016-05-02 08:28:37,false,"Orezzo Ciclismo","173.34","4,892","07:26:10","--","--","--","--","--","23.3","66.5","1,411","1,447","0.00","0.0","0.0","--","--","--","--","--","0.0","--","--","--","0.0","0.0","--","--","--","0:00","0.0","0:00","No","00:00.00","--","0.0"
Ciclismo,2016-04-29 13:42:02,false,"Orezzo Ciclismo","81.25","2,257","03:31:44","--","--","--","--","--","23.0","55.8","722","731","0.00","0.0","0.0","--","--","--","--","--","0.0","--","--","--","0.0","0.0","--","--","--","0:00","0.0","0:00","No","00:00.00","--","0.0"
Ciclismo,2016-04-29 08:58:22,false,"Orezzo Ciclismo","84.27","2,775","03:00:35","--","--","--","--","--","28.0","58.3","1,075","1,097","0.00","0.0","0.0","--","--","--","--","--","0.0","--","--","--","0.0","0.0","--","--","--","0:00","0.0","0:00","No","00:00.00","--","0.0"
Ciclismo,2016-04-25 12:23:49,false,"Orezzo Ciclismo","133.64","4,015","05:21:34","--","--","--","--","--","24.9","62.6","2,014","2,014","0.00","0.0","0.0","--","--","--","--","--","0.0","--","--","--","0.0","0.0","--","--","--","0:00","0.0","0:00","No","00:00.00","--","0.0"
Ciclismo,2016-04-22 07:46:00,false,"Orezzo Ciclismo","115.14","3,648","04:21:39","--","--","--","--","--","26.4","63.7","2,365","2,381","0.00","0.0","0.0","--","--","--","--","--","0.0","--","--","--","0.0","0.0","--","--","--","0:00","0.0","0:00","No","00:00.00","--","0.0"
Ciclismo,2016-04-21 13:49:11,false,"Ciclismo","48.12","1,335","02:13:55","--","--","--","--","--","21.6","56.4","672","673","0.00","0.0","0.0","--","--","--","--","--","0.0","--","--","--","0.0","0.0","--","--","--","0:00","0.0","0:00","No","00:00.00","--","0.0"
Ciclismo,2016-04-18 13:42:48,false,"Orezzo Ciclismo","74.68","2,437","02:48:57","--","--","--","--","--","26.5","58.7","782","776","0.00","0.0","0.0","--","--","--","--","--","0.0","--","--","--","0.0","0.0","--","--","--","0:00","0.0","0:00","No","00:00.00","--","0.0"
Ciclismo,2016-04-12 15:42:40,false,"Orezzo Ciclismo","0.00","--","00:00:01.5","--","--","--","--","--","0.1","--","--","--","0.00","0.0","0.0","--","--","--","--","--","0.0","--","--","--","0.0","0.0","--","--","--","0:00","0.0","0:00","No","00:00.00","--","0.0"
Ciclismo,2016-04-12 13:39:52,false,"Orezzo Ciclismo","33.79","859","01:57:56","--","--","--","--","--","17.2","52.5","1,021","1,023","0.00","0.0","0.0","--","--","--","--","--","0.0","--","--","--","0.0","0.0","--","--","--","0:00","0.0","0:00","No","00:00.00","--","0.0"
Ciclismo,2016-04-11 12:44:11,false,"Orezzo Ciclismo","74.96","2,144","03:15:49","--","--","--","--","--","23.0","54.5","783","790","0.00","0.0","0.0","--","--","--","--","--","0.0","--","--","--","0.0","0.0","--","--","--","0:00","0.0","0:00","No","00:00.00","--","0.0"
Ciclismo,2016-04-04 11:32:39,false,"Orezzo Ciclismo","71.28","2,033","03:00:59","--","--","--","--","--","23.6","58.8","778","795","0.00","0.0","0.0","--","--","--","--","--","0.0","--","--","--","0.0","0.0","--","--","--","0:00","0.0","0:00","No","00:00.00","--","0.0"
Ciclismo,2016-03-23 14:31:15,false,"Orezzo Ciclismo","46.33","1,307","02:06:54","--","--","--","--","--","21.9","55.5","676","668","0.00","0.0","0.0","--","--","--","--","--","0.0","--","--","--","0.0","0.0","--","--","--","0:00","0.0","0:00","No","00:00.00","--","0.0"
Ciclismo,2016-03-18 13:23:09,false,"Orezzo Ciclismo","74.11","2,113","03:16:29","--","--","--","--","--","22.6","53.6","774","786","0.00","0.0","0.0","--","--","--","--","--","0.0","--","--","--","0.0","0.0","--","--","--","0:00","0.0","0:00","No","00:00.00","--","0.0"
Ciclismo,2016-03-14 13:17:33,false,"Orezzo Ciclismo","76.25","2,204","03:18:28","--","--","--","--","--","23.1","54.0","741","755","0.00","0.0","0.0","--","--","--","--","--","0.0","--","--","--","0.0","0.0","--","--","--","0:00","0.0","0:00","No","00:00.00","--","0.0"
Ciclismo,2016-03-02 11:12:37,false,"Orezzo Ciclismo","78.24","2,162","03:36:31","--","--","--","--","--","21.7","52.6","775","777","0.00","0.0","0.0","--","--","--","--","--","0.0","--","--","--","0.0","0.0","--","--","--","0:00","0.0","0:00","No","00:00.00","--","0.0"
Ciclismo,2016-02-24 13:39:20,false,"Orezzo Ciclismo","49.00","1,343","02:20:21","--","--","--","--","--","20.9","53.9","671","677","0.00","0.0","0.0","--","--","--","--","--","0.0","--","--","--","0.0","0.0","--","--","--","0:00","0.0","0:00","No","00:00.00","--","0.0"
Ciclismo,2016-02-19 13:55:12,false,"Orezzo Ciclismo","48.98","1,327","02:22:52","--","--","--","--","--","20.6","53.7","680","696","0.00","0.0","0.0","--","--","--","--","--","0.0","--","--","--","0.0","0.0","--","--","--","0:00","0.0","0:00","No","00:00.00","--","0.0"
Ciclismo,2016-02-18 13:50:52,false,"Orezzo Ciclismo","49.02","1,335","02:20:42","--","--","--","--","--","20.9","54.4","683","685","0.00","0.0","0.0","--","--","--","--","--","0.0","--","--","--","0.0","0.0","--","--","--","0:00","0.0","0:00","No","00:00.00","--","0.0"
Ciclismo,2016-02-04 13:53:52,false,"Cene Ciclismo","25.42","726","01:06:24","--","--","--","--","--","23.0","54.0","201","267","0.00","0.0","0.0","--","--","--","--","--","0.0","--","--","--","0.0","0.0","--","--","--","0:00","0.0","0:00","No","00:00.00","--","0.0"
Ciclismo,2016-02-01 09:52:58,false,"Orezzo Ciclismo","62.78","1,799","02:52:32","--","--","--","--","--","21.8","54.1","734","752","0.00","0.0","0.0","--","--","--","--","--","0.0","--","--","--","0.0","0.0","--","--","--","0:00","0.0","0:00","No","00:00.00","--","0.0"
Ciclismo,2015-12-01 09:51:03,false,"Gazzaniga Ciclismo","81.32","2,723","02:49:37","--","--","--","--","--","28.8","53.4","1,045","1,025","0.00","0.0","0.0","--","--","--","--","--","0.0","--","--","--","0.0","0.0","--","--","--","0:00","0.0","0:00","No","00:00.00","--","0.0"
Ciclismo,2015-11-26 10:13:01,false,"Gazzaniga Ciclismo","93.93","3,153","03:13:26","--","--","--","--","--","29.1","69.1","1,030","1,035","0.00","0.0","0.0","--","--","--","--","--","0.0","--","--","--","0.0","0.0","--","--","--","0:00","0.0","0:00","No","00:00.00","--","0.0"
Ciclismo,2015-11-14 10:03:28,false,"Orezzo Ciclismo","25.00","708","01:02:00","--","--","--","--","--","24.2","48.9","139","455","0.00","0.0","0.0","--","--","--","--","--","0.0","--","--","--","0.0","0.0","--","--","--","0:00","0.0","0:00","No","00:00.00","--","0.0"
Ciclismo,2015-11-12 09:28:12,false,"Orezzo Ciclismo","43.09","1,091","02:27:54","--","--","--","--","--","17.5","52.3","1,323","1,327","0.00","0.0","0.0","--","--","--","--","--","0.0","--","--","--","0.0","0.0","--","--","--","0:00","0.0","0:00","No","00:00.00","--","0.0"
Ciclismo,2015-10-20 14:26:54,false,"Orezzo Ciclismo","42.86","1,343","01:33:44","--","--","--","--","--","27.4","54.5","439","680","0.00","0.0","0.0","--","--","--","--","--","0.0","--","--","--","0.0","0.0","--","--","--","0:00","0.0","0:00","No","00:00.00","--","0.0"
Ciclismo,2015-10-11 09:22:29,false,"Casazza Ciclismo","17.02","637","00:31:18","--","--","--","--","--","32.6","41.0","78","76","0.00","0.0","0.0","--","--","--","--","--","0.0","--","--","--","0.0","0.0","--","--","--","0:00","0.0","0:00","No","00:00.00","--","0.0"
Ciclismo,2015-10-08 14:38:25,false,"Orezzo Ciclismo","44.12","1,206","02:02:03","--","--","--","--","--","21.7","60.0","440","564","0.00","0.0","0.0","--","--","--","--","--","0.0","--","--","--","0.0","0.0","--","--","--","0:00","0.0","0:00","No","00:00.00","--","0.0"
Ciclismo,2015-10-07 14:59:33,false,"Ponteranica Ciclismo","65.66","2,010","02:30:15","--","--","--","--","--","26.2","45.3","985","988","0.00","0.0","0.0","--","--","--","--","--","0.0","--","--","--","0.0","0.0","--","--","--","0:00","0.0","0:00","No","00:00.00","--","0.0"
Ciclismo,2015-10-03 11:48:50,false,"Oggiono Ciclismo","114.79","3,492","02:57:30","--","--","--","--","--","38.8","71.5","1,773","1,280","0.00","0.0","0.0","--","--","--","--","--","0.0","--","--","--","0.0","0.0","--","--","--","0:00","0.0","0:00","No","00:00.00","--","0.0"
Ciclismo,2015-10-01 09:59:00,false,"Orezzo Ciclismo","30.31","752","01:53:30","--","--","--","--","--","16.0","55.1","1,482","1,481","0.00","0.0","0.0","--","--","--","--","--","0.0","--","--","--","0.0","0.0","--","--","--","0:00","0.0","0:00","No","00:00.00","--","0.0"
Ciclismo,2015-09-30 13:23:55,false,"Orezzo Ciclismo","60.61","1,796","02:22:00","--","--","--","--","--","25.6","56.4","1,078","1,089","0.00","0.0","0.0","--","--","--","--","--","0.0","--","--","--","0.0","0.0","--","--","--","0:00","0.0","0:00","No","00:00.00","--","0.0"
Ciclismo,2015-09-29 13:23:34,false,"Orezzo Ciclismo","75.57","2,211","03:06:41","--","--","--","--","--","24.3","64.9","1,763","1,735","0.00","0.0","0.0","--","--","--","--","--","0.0","--","--","--","0.0","0.0","--","--","--","0:00","0.0","0:00","No","00:00.00","--","0.0"
Ciclismo,2015-09-27 11:49:29,false,"Gaggiano Ciclismo","206.64","6,646","04:50:56","--","--","--","--","--","42.6","71.6","1,858","1,970","0.00","0.0","0.0","--","--","95","124","--","0.0","--","--","--","0.0","0.0","--","--","--","0:00","0.0","0:00","No","00:00.00","--","0.0"
Ciclismo,2015-09-25 08:04:13,false,"Montalto Di Castro Ciclismo","30.97","927","01:08:19","--","--","--","--","--","27.2","41.7","99","103","0.00","0.0","0.0","--","--","94","112","--","0.0","--","--","--","0.0","0.0","--","--","--","0:00","0.0","0:00","No","00:00.00","--","0.0"
Ciclismo,2015-09-24 14:57:25,false,"Grosseto Ciclismo","57.88","1,741","02:14:07","--","--","--","--","--","25.9","56.3","688","687","0.00","0.0","0.0","--","--","85","112","--","0.0","--","--","--","0.0","0.0","--","--","--","0:00","0.0","0:00","No","00:00.00","--","0.0"
Ciclismo,2015-09-24 08:18:47,false,"Riparbella Ciclismo","104.88","3,169","03:42:14","--","--","--","--","--","28.3","51.6","406","621","0.00","0.0","0.0","--","--","94","112","--","0.0","--","--","--","0.0","0.0","--","--","--","0:00","0.0","0:00","No","00:00.00","--","0.0"
Ciclismo,2015-09-23 08:16:24,false,"Ravarano Ciclismo","177.50","5,408","06:34:03","--","--","--","--","--","27.0","57.2","1,403","2,036","0.00","0.0","0.0","--","--","92","116","--","0.0","--","--","--","0.0","0.0","--","--","--","0:00","0.0","0:00","No","00:00.00","--","0.0"
Ciclismo,2015-09-20 10:05:06,false,"Orezzo Ciclismo","85.30","2,836","02:58:43","--","--","--","--","--","28.6","65.8","1,156","1,167","0.00","0.0","0.0","--","--","90","126","--","0.0","--","--","--","0.0","0.0","--","--","--","0:00","0.0","0:00","No","00:00.00","--","0.0"
Ciclismo,2015-09-03 09:19:07,false,"Orezzo Ciclismo","88.22","2,579","03:39:44","--","--","--","--","--","24.1","65.5","2,373","2,373","0.00","0.0","0.0","--","--","82","121","--","0.0","--","--","--","0.0","0.0","--","--","--","0:00","0.0","0:00","No","00:00.00","--","0.0"
Ciclismo,2015-09-01 13:54:30,false,"Sommacampagna Ciclismo","128.41","3,903","03:00:28","--","--","--","--","--","42.7","71.2","1,301","1,300","0.00","0.0","0.0","--","--","96","233","--","0.0","--","--","--","0.0","0.0","--","--","--","0:00","0.0","0:00","No","00:00.00","--","0.0"
Ciclismo,2015-08-30 09:54:59,false,"Pessano Con Bornago Ciclismo","133.23","4,239","03:23:07","--","--","--","--","--","39.4","66.2","1,070","488","0.00","0.0","0.0","--","--","94","133","--","0.0","--","--","--","0.0","0.0","--","--","--","0:00","0.0","0:00","No","00:00.00","--","0.0"
Ciclismo,2015-08-29 13:06:35,false,"Orezzo Ciclismo","0.00","--","00:00:02.9","--","--","--","--","--","0.5","--","--","--","0.00","0.0","0.0","--","--","70","72","--","0.0","--","--","--","0.0","0.0","--","--","--","0:00","0.0","0:00","No","00:00.00","--","0.0"
Ciclismo,2015-08-27 09:34:33,false,"Fiorano Al Serio Ciclismo","33.03","1,031","01:10:56","--","--","--","--","--","27.9","58.9","317","318","0.00","0.0","0.0","--","--","--","--","--","0.0","--","--","--","0.0","0.0","--","--","--","0:00","0.0","0:00","No","00:00.00","--","0.0"
